system,global_coverage
MFCC bow,0.304001554001554
MFCC bow cos,0.2742812742812743
MFCC stat cos,0.2540792540792541
MFCC stat,0.034382284382284384
